call_id,caller,receiver,day,duration_sec,type
CDR-2-0001,P03,P52,64,356,normal
CDR-2-0002,P02,P05,38,663,normal
CDR-2-0003,P05,P52,49,239,normal
CDR-2-0004,P09,P06,65,96,normal
CDR-2-0005,P52,P05,14,340,normal
CDR-2-0006,P52,P04,18,21,normal
CDR-2-0007,P05,P14,24,161,normal
CDR-2-0008,P07,P05,11,60,normal
CDR-2-0009,P52,P12,70,629,normal
CDR-2-0010,P06,P10,56,768,normal
CDR-2-0011,P06,P07,37,513,normal
CDR-2-0012,P05,P09,19,369,normal
CDR-2-0013,P01,P04,59,513,normal
CDR-2-0014,P15,P09,18,567,normal
CDR-2-0015,P12,P03,38,805,normal
CDR-2-0016,P06,P13,10,533,normal
CDR-2-0017,P52,P04,30,841,normal
CDR-2-0018,P52,P09,50,592,normal
CDR-2-0019,P10,P14,17,745,normal
CDR-2-0020,P04,P08,43,418,normal
CDR-2-0021,P14,P06,59,525,normal
CDR-2-0022,P05,P13,49,131,normal
CDR-2-0023,P13,P12,66,563,normal
CDR-2-0024,P52,P09,67,435,normal
CDR-2-0025,P02,P15,42,604,normal
CDR-2-0026,P02,P14,69,670,normal
CDR-2-0027,P04,P05,25,824,normal
CDR-2-0028,P12,P02,16,721,normal
CDR-2-0029,P01,P03,31,336,normal
CDR-2-0030,P52,P11,13,489,normal
CDR-2-0031,P05,P12,68,801,normal
CDR-2-0032,P52,P02,13,599,normal
CDR-2-0033,P52,P14,21,339,normal
CDR-2-0034,P09,P10,25,644,normal
CDR-2-0035,P08,P11,17,608,normal
CDR-2-0036,P15,P03,53,62,normal
CDR-2-0037,P02,P10,32,414,normal
CDR-2-0038,P06,P13,27,528,normal
CDR-2-0039,P05,P10,70,74,normal
CDR-2-0040,P08,P01,14,711,normal
CDR-2-0041,P05,P15,59,412,normal
CDR-2-0042,P01,P09,36,304,normal
CDR-2-0043,P15,P12,48,776,normal
CDR-2-0044,P52,P15,13,278,normal
CDR-2-0045,P13,P11,42,288,normal
CDR-2-0046,P09,P01,43,402,normal
CDR-2-0047,P07,P14,1,254,normal
CDR-2-0048,P01,P14,44,581,normal
CDR-2-0049,P12,P52,25,440,normal
CDR-2-0050,P10,P13,9,294,normal
CDR-2-0051,P01,P52,24,378,normal
CDR-2-0052,P15,P02,51,546,normal
CDR-2-0053,P07,P06,60,819,normal
CDR-2-0054,P52,P15,17,141,normal
CDR-2-0055,P10,P03,46,437,normal
CDR-2-0056,P09,P01,17,204,normal
CDR-2-0057,P13,P07,37,244,normal
CDR-2-0058,P15,P52,46,407,normal
CDR-2-0059,P04,P11,41,666,normal
CDR-2-0060,P04,P02,27,689,normal
CDR-2-0061,P03,P02,15,615,normal
CDR-2-0062,P15,P02,51,472,normal
CDR-2-0063,P03,P13,57,860,normal
CDR-2-0064,P12,P08,68,280,normal
CDR-2-0065,P06,P02,31,767,normal
CDR-2-0066,P04,P08,51,488,normal
CDR-2-0067,P15,P02,17,647,normal
CDR-2-0068,P13,P11,57,609,normal
CDR-2-0069,P11,P03,12,345,normal
CDR-2-0070,P07,P01,14,355,normal
CDR-2-0071,P01,P13,55,688,normal
CDR-2-0072,P01,P06,17,723,normal
CDR-2-0073,P13,P11,24,120,normal
CDR-2-0074,P12,P02,51,310,normal
CDR-2-0075,P03,P11,38,234,normal
CDR-2-0076,P08,P05,4,419,normal
CDR-2-0077,P05,P10,33,418,normal
CDR-2-0078,P14,P01,34,271,normal
CDR-2-0079,P12,P09,49,581,normal
CDR-2-0080,P52,P02,56,130,normal
CDR-2-0081,P10,P13,10,343,normal
CDR-2-0082,P03,P02,70,217,normal
CDR-2-0083,P14,P12,37,34,normal
CDR-2-0084,P15,P14,55,118,normal
CDR-2-0085,P06,P14,8,844,normal
CDR-2-0086,P15,P05,20,645,normal
CDR-2-0087,P04,P06,66,687,normal
CDR-2-0088,P14,P52,35,265,normal
CDR-2-0089,P04,P09,15,856,normal
CDR-2-0090,P13,P12,37,109,normal
CDR-2-0091,P09,P03,58,434,normal
CDR-2-0092,P01,P08,66,183,normal
CDR-2-0093,P52,P02,36,633,normal
CDR-2-0094,P02,P15,10,353,normal
CDR-2-0095,P10,P13,15,320,normal
CDR-2-0096,P13,P03,7,550,normal
CDR-2-0097,P05,P11,20,825,normal
CDR-2-0098,P12,P52,48,26,normal
CDR-2-0099,P15,P05,41,885,normal
CDR-2-0100,P03,P06,53,383,normal
CDR-2-0101,P15,P05,26,664,normal
CDR-2-0102,P15,P10,34,673,normal
CDR-2-0103,P11,P10,10,102,normal
CDR-2-0104,P07,P05,33,480,normal
CDR-2-0105,P04,P01,65,490,normal
CDR-2-0106,P20,P18,17,548,normal
CDR-2-0107,P17,P16,36,51,normal
CDR-2-0108,P25,P19,27,387,normal
CDR-2-0109,P29,P30,32,514,normal
CDR-2-0110,P25,P23,23,408,normal
CDR-2-0111,P17,P20,63,446,normal
CDR-2-0112,P27,P28,13,158,normal
CDR-2-0113,P29,P20,53,765,normal
CDR-2-0114,P11,P20,53,863,normal
CDR-2-0115,P25,P27,6,679,normal
CDR-2-0116,P22,P23,4,394,normal
CDR-2-0117,P16,P17,28,554,normal
CDR-2-0118,P17,P29,60,58,normal
CDR-2-0119,P16,P25,11,654,normal
CDR-2-0120,P19,P22,9,487,normal
CDR-2-0121,P24,P29,18,30,normal
CDR-2-0122,P22,P27,52,781,normal
CDR-2-0123,P30,P17,18,449,normal
CDR-2-0124,P30,P29,42,217,normal
CDR-2-0125,P29,P25,50,517,normal
CDR-2-0126,P20,P24,51,417,normal
CDR-2-0127,P22,P28,35,457,normal
CDR-2-0128,P16,P26,54,308,normal
CDR-2-0129,P21,P16,50,778,normal
CDR-2-0130,P18,P11,50,367,normal
CDR-2-0131,P20,P19,13,354,normal
CDR-2-0132,P25,P29,61,833,normal
CDR-2-0133,P17,P24,59,44,normal
CDR-2-0134,P19,P17,55,646,normal
CDR-2-0135,P19,P21,68,80,normal
CDR-2-0136,P20,P17,61,817,normal
CDR-2-0137,P27,P11,63,574,normal
CDR-2-0138,P11,P23,44,241,normal
CDR-2-0139,P28,P29,31,158,normal
CDR-2-0140,P27,P25,29,351,normal
CDR-2-0141,P26,P30,40,513,normal
CDR-2-0142,P18,P21,33,94,normal
CDR-2-0143,P22,P23,62,52,normal
CDR-2-0144,P22,P18,53,491,normal
CDR-2-0145,P21,P26,25,566,normal
CDR-2-0146,P24,P27,38,746,normal
CDR-2-0147,P22,P17,66,822,normal
CDR-2-0148,P30,P26,68,638,normal
CDR-2-0149,P19,P26,68,296,normal
CDR-2-0150,P16,P27,36,264,normal
CDR-2-0151,P22,P30,40,293,normal
CDR-2-0152,P24,P20,52,69,normal
CDR-2-0153,P24,P11,46,776,normal
CDR-2-0154,P28,P24,47,525,normal
CDR-2-0155,P29,P22,22,507,normal
CDR-2-0156,P29,P23,62,678,normal
CDR-2-0157,P27,P21,21,878,normal
CDR-2-0158,P23,P28,1,862,normal
CDR-2-0159,P27,P24,53,78,normal
CDR-2-0160,P23,P20,64,483,normal
CDR-2-0161,P29,P30,15,886,normal
CDR-2-0162,P22,P30,61,245,normal
CDR-2-0163,P28,P21,62,632,normal
CDR-2-0164,P21,P23,37,187,normal
CDR-2-0165,P29,P19,33,569,normal
CDR-2-0166,P29,P18,39,302,normal
CDR-2-0167,P21,P26,58,512,normal
CDR-2-0168,P19,P22,34,659,normal
CDR-2-0169,P29,P17,45,774,normal
CDR-2-0170,P17,P26,7,140,normal
CDR-2-0171,P17,P22,3,311,normal
CDR-2-0172,P24,P25,1,581,normal
CDR-2-0173,P17,P28,47,353,normal
CDR-2-0174,P22,P28,39,817,normal
CDR-2-0175,P21,P20,35,35,normal
CDR-2-0176,P16,P17,60,145,normal
CDR-2-0177,P18,P28,60,766,normal
CDR-2-0178,P11,P24,70,714,normal
CDR-2-0179,P26,P22,19,106,normal
CDR-2-0180,P11,P21,18,405,normal
CDR-2-0181,P24,P21,14,197,normal
CDR-2-0182,P25,P29,35,294,normal
CDR-2-0183,P23,P28,68,261,normal
CDR-2-0184,P21,P11,49,688,normal
CDR-2-0185,P25,P27,32,568,normal
CDR-2-0186,P19,P29,40,462,normal
CDR-2-0187,P22,P30,29,126,normal
CDR-2-0188,P30,P17,26,82,normal
CDR-2-0189,P26,P22,45,166,normal
CDR-2-0190,P28,P26,37,565,normal
CDR-2-0191,P28,P22,47,886,normal
CDR-2-0192,P28,P20,11,71,normal
CDR-2-0193,P18,P24,18,790,normal
CDR-2-0194,P26,P17,51,587,normal
CDR-2-0195,P22,P26,52,186,normal
CDR-2-0196,P24,P21,29,479,normal
CDR-2-0197,P22,P11,37,325,normal
CDR-2-0198,P26,P24,67,710,normal
CDR-2-0199,P26,P25,45,852,normal
CDR-2-0200,P28,P27,50,183,normal
CDR-2-0201,P18,P23,5,481,normal
CDR-2-0202,P17,P26,60,713,normal
CDR-2-0203,P16,P23,57,688,normal
CDR-2-0204,P20,P26,15,562,normal
CDR-2-0205,P30,P16,37,392,normal
CDR-2-0206,P16,P23,67,569,normal
CDR-2-0207,P21,P24,36,517,normal
CDR-2-0208,P18,P27,19,280,normal
CDR-2-0209,P21,P22,56,860,normal
CDR-2-0210,P24,P22,18,162,normal
CDR-2-0211,P28,P38,54,848,normal
CDR-2-0212,P45,P43,39,654,normal
CDR-2-0213,P43,P39,8,793,normal
CDR-2-0214,P39,P35,18,129,normal
CDR-2-0215,P32,P40,33,540,normal
CDR-2-0216,P32,P39,19,97,normal
CDR-2-0217,P32,P39,45,546,normal
CDR-2-0218,P44,P33,61,418,normal
CDR-2-0219,P44,P41,33,608,normal
CDR-2-0220,P34,P41,62,224,normal
CDR-2-0221,P32,P36,57,572,normal
CDR-2-0222,P35,P36,31,235,normal
CDR-2-0223,P35,P39,67,558,normal
CDR-2-0224,P35,P41,59,692,normal
CDR-2-0225,P37,P45,59,397,normal
CDR-2-0226,P45,P31,41,644,normal
CDR-2-0227,P38,P36,64,528,normal
CDR-2-0228,P42,P40,57,353,normal
CDR-2-0229,P35,P32,70,630,normal
CDR-2-0230,P38,P39,63,359,normal
CDR-2-0231,P31,P28,14,564,normal
CDR-2-0232,P33,P37,21,117,normal
CDR-2-0233,P44,P35,46,260,normal
CDR-2-0234,P33,P37,64,74,normal
CDR-2-0235,P34,P43,59,166,normal
CDR-2-0236,P45,P39,52,356,normal
CDR-2-0237,P37,P34,11,816,normal
CDR-2-0238,P35,P38,24,371,normal
CDR-2-0239,P32,P41,42,411,normal
CDR-2-0240,P43,P38,32,181,normal
CDR-2-0241,P32,P42,8,346,normal
CDR-2-0242,P43,P42,25,703,normal
CDR-2-0243,P36,P41,31,215,normal
CDR-2-0244,P38,P40,48,812,normal
CDR-2-0245,P28,P40,42,710,normal
CDR-2-0246,P40,P45,10,835,normal
CDR-2-0247,P36,P42,38,541,normal
CDR-2-0248,P35,P34,18,535,normal
CDR-2-0249,P37,P38,42,189,normal
CDR-2-0250,P37,P43,32,793,normal
CDR-2-0251,P43,P44,62,566,normal
CDR-2-0252,P36,P45,11,254,normal
CDR-2-0253,P39,P32,8,170,normal
CDR-2-0254,P44,P45,30,460,normal
CDR-2-0255,P36,P42,21,26,normal
CDR-2-0256,P39,P42,39,85,normal
CDR-2-0257,P44,P32,54,213,normal
CDR-2-0258,P35,P31,66,361,normal
CDR-2-0259,P40,P32,21,809,normal
CDR-2-0260,P43,P31,30,417,normal
CDR-2-0261,P31,P32,38,534,normal
CDR-2-0262,P40,P41,49,459,normal
CDR-2-0263,P40,P43,39,227,normal
CDR-2-0264,P38,P43,52,254,normal
CDR-2-0265,P31,P33,39,412,normal
CDR-2-0266,P34,P44,27,201,normal
CDR-2-0267,P31,P37,12,445,normal
CDR-2-0268,P32,P28,40,490,normal
CDR-2-0269,P39,P44,35,857,normal
CDR-2-0270,P35,P31,9,216,normal
CDR-2-0271,P31,P39,47,749,normal
CDR-2-0272,P34,P37,33,595,normal
CDR-2-0273,P34,P38,49,206,normal
CDR-2-0274,P35,P42,25,247,normal
CDR-2-0275,P39,P31,33,284,normal
CDR-2-0276,P37,P40,16,111,normal
CDR-2-0277,P38,P36,70,539,normal
CDR-2-0278,P35,P33,35,324,normal
CDR-2-0279,P35,P45,47,628,normal
CDR-2-0280,P42,P35,38,116,normal
CDR-2-0281,P38,P42,4,256,normal
CDR-2-0282,P42,P38,36,600,normal
CDR-2-0283,P28,P43,29,589,normal
CDR-2-0284,P44,P34,42,610,normal
CDR-2-0285,P45,P36,41,863,normal
CDR-2-0286,P44,P38,34,405,normal
CDR-2-0287,P42,P38,67,45,normal
CDR-2-0288,P42,P39,42,139,normal
CDR-2-0289,P35,P42,1,146,normal
CDR-2-0290,P33,P37,20,876,normal
CDR-2-0291,P42,P39,25,133,normal
CDR-2-0292,P34,P43,43,227,normal
CDR-2-0293,P34,P35,3,747,normal
CDR-2-0294,P38,P37,1,389,normal
CDR-2-0295,P42,P32,45,64,normal
CDR-2-0296,P42,P44,8,639,normal
CDR-2-0297,P45,P38,58,341,normal
CDR-2-0298,P31,P34,65,345,normal
CDR-2-0299,P43,P39,8,450,normal
CDR-2-0300,P34,P31,24,416,normal
CDR-2-0301,P37,P35,41,68,normal
CDR-2-0302,P39,P40,1,298,normal
CDR-2-0303,P37,P32,61,856,normal
CDR-2-0304,P45,P41,42,741,normal
CDR-2-0305,P40,P33,60,95,normal
CDR-2-0306,P42,P43,42,841,normal
CDR-2-0307,P32,P36,9,601,normal
CDR-2-0308,P41,P40,48,583,normal
CDR-2-0309,P32,P36,41,75,normal
CDR-2-0310,P38,P43,35,453,normal
CDR-2-0311,P32,P31,16,33,normal
CDR-2-0312,P32,P28,34,744,normal
CDR-2-0313,P33,P37,23,161,normal
CDR-2-0314,P36,P37,51,671,normal
CDR-2-0315,P38,P44,7,467,normal
CDR-2-0316,P50,P49,46,621,normal
CDR-2-0317,P53,P54,31,23,normal
CDR-2-0318,P60,P59,65,165,normal
CDR-2-0319,P58,P50,58,285,normal
CDR-2-0320,P58,P49,42,695,normal
CDR-2-0321,P49,P51,22,775,normal
CDR-2-0322,P57,P46,70,282,normal
CDR-2-0323,P57,P60,63,137,normal
CDR-2-0324,P47,P44,53,304,normal
CDR-2-0325,P53,P46,15,352,normal
CDR-2-0326,P60,P44,16,480,normal
CDR-2-0327,P48,P56,14,735,normal
CDR-2-0328,P60,P52,1,62,normal
CDR-2-0329,P60,P51,2,414,normal
CDR-2-0330,P55,P54,2,769,normal
CDR-2-0331,P59,P55,67,223,normal
CDR-2-0332,P49,P57,43,227,normal
CDR-2-0333,P50,P58,53,779,normal
CDR-2-0334,P47,P59,45,738,normal
CDR-2-0335,P54,P56,47,288,normal
CDR-2-0336,P51,P55,43,237,normal
CDR-2-0337,P46,P54,12,254,normal
CDR-2-0338,P55,P53,14,274,normal
CDR-2-0339,P53,P54,41,593,normal
CDR-2-0340,P53,P51,16,266,normal
CDR-2-0341,P52,P44,46,182,normal
CDR-2-0342,P57,P59,2,383,normal
CDR-2-0343,P44,P58,1,209,normal
CDR-2-0344,P60,P46,48,554,normal
CDR-2-0345,P44,P56,6,670,normal
CDR-2-0346,P48,P53,27,890,normal
CDR-2-0347,P49,P60,58,863,normal
CDR-2-0348,P60,P57,25,82,normal
CDR-2-0349,P50,P56,15,601,normal
CDR-2-0350,P59,P57,15,261,normal
CDR-2-0351,P60,P52,52,507,normal
CDR-2-0352,P52,P51,36,449,normal
CDR-2-0353,P59,P53,45,667,normal
CDR-2-0354,P48,P56,46,482,normal
CDR-2-0355,P55,P53,24,378,normal
CDR-2-0356,P59,P51,39,626,normal
CDR-2-0357,P55,P52,31,42,normal
CDR-2-0358,P54,P53,2,602,normal
CDR-2-0359,P46,P57,25,459,normal
CDR-2-0360,P47,P51,45,607,normal
CDR-2-0361,P58,P47,31,632,normal
CDR-2-0362,P50,P49,6,374,normal
CDR-2-0363,P59,P52,70,374,normal
CDR-2-0364,P51,P44,48,566,normal
CDR-2-0365,P50,P47,47,701,normal
CDR-2-0366,P49,P48,54,315,normal
CDR-2-0367,P56,P52,26,851,normal
CDR-2-0368,P44,P55,31,357,normal
CDR-2-0369,P46,P51,64,522,normal
CDR-2-0370,P51,P49,35,402,normal
CDR-2-0371,P49,P57,57,707,normal
CDR-2-0372,P60,P44,21,606,normal
CDR-2-0373,P52,P50,11,437,normal
CDR-2-0374,P55,P51,32,578,normal
CDR-2-0375,P60,P54,35,320,normal
CDR-2-0376,P44,P53,52,758,normal
CDR-2-0377,P60,P50,30,401,normal
CDR-2-0378,P59,P55,60,183,normal
CDR-2-0379,P49,P54,38,385,normal
CDR-2-0380,P60,P48,45,407,normal
CDR-2-0381,P56,P59,13,174,normal
CDR-2-0382,P54,P56,65,456,normal
CDR-2-0383,P60,P53,33,708,normal
CDR-2-0384,P56,P46,6,351,normal
CDR-2-0385,P54,P57,20,379,normal
CDR-2-0386,P52,P58,26,481,normal
CDR-2-0387,P51,P57,35,170,normal
CDR-2-0388,P46,P56,50,890,normal
CDR-2-0389,P48,P53,59,201,normal
CDR-2-0390,P55,P51,20,127,normal
CDR-2-0391,P44,P58,15,579,normal
CDR-2-0392,P48,P54,24,680,normal
CDR-2-0393,P51,P54,32,336,normal
CDR-2-0394,P56,P50,66,630,normal
CDR-2-0395,P49,P50,52,264,normal
CDR-2-0396,P44,P57,29,506,normal
CDR-2-0397,P59,P49,68,706,normal
CDR-2-0398,P55,P56,36,601,normal
CDR-2-0399,P48,P59,62,133,normal
CDR-2-0400,P55,P46,52,84,normal
CDR-2-0401,P58,P55,51,579,normal
CDR-2-0402,P60,P46,38,485,normal
CDR-2-0403,P57,P53,58,113,normal
CDR-2-0404,P47,P52,3,558,normal
CDR-2-0405,P48,P50,35,866,normal
CDR-2-0406,P53,P52,70,794,normal
CDR-2-0407,P56,P46,70,391,normal
CDR-2-0408,P59,P50,28,277,normal
CDR-2-0409,P53,P51,58,671,normal
CDR-2-0410,P60,P54,14,338,normal
CDR-2-0411,P60,P56,26,753,normal
CDR-2-0412,P57,P52,70,442,normal
CDR-2-0413,P46,P49,17,288,normal
CDR-2-0414,P53,P54,12,537,normal
CDR-2-0415,P46,P44,18,350,normal
CDR-2-0416,P46,P58,52,782,normal
CDR-2-0417,P56,P52,46,109,normal
CDR-2-0418,P53,P60,12,866,normal
CDR-2-0419,P56,P58,29,659,normal
CDR-2-0420,P54,P49,3,109,normal
CDR-2-0421,P11,P35,42,819,burst
CDR-2-0422,P16,P46,42,430,burst
CDR-2-0423,P42,P05,42,251,burst
CDR-2-0424,P41,P61,42,489,burst
CDR-2-0425,P13,P12,42,723,burst
CDR-2-0426,P25,P07,42,936,burst
CDR-2-0427,P02,P48,42,759,burst
CDR-2-0428,P44,P22,42,171,burst
CDR-2-0429,P08,P01,42,420,burst
CDR-2-0430,P20,P61,42,1096,burst
CDR-2-0431,P10,P47,42,524,burst
CDR-2-0432,P30,P01,42,232,burst
CDR-2-0433,P02,P40,42,551,burst
CDR-2-0434,P35,P16,42,1041,burst
CDR-2-0435,P18,P55,42,170,burst
CDR-2-0436,P16,P38,42,439,burst
CDR-2-0437,P59,P02,42,1042,burst
CDR-2-0438,P42,P09,42,542,burst
CDR-2-0439,P61,P54,42,251,burst
CDR-2-0440,P58,P49,42,667,burst
CDR-2-0441,P57,P58,42,889,burst
CDR-2-0442,P08,P26,42,613,burst
CDR-2-0443,P24,P28,42,958,burst
CDR-2-0444,P60,P59,42,590,burst
CDR-2-0445,P53,P58,47,1017,burst
CDR-2-0446,P29,P36,47,648,burst
CDR-2-0447,P34,P04,47,724,burst
CDR-2-0448,P44,P54,47,643,burst
CDR-2-0449,P41,P35,47,577,burst
CDR-2-0450,P16,P06,47,1198,burst
CDR-2-0451,P49,P56,47,1169,burst
CDR-2-0452,P17,P53,47,151,burst
CDR-2-0453,P22,P33,47,220,burst
CDR-2-0454,P43,P32,47,608,burst
CDR-2-0455,P59,P22,47,1109,burst
CDR-2-0456,P12,P38,47,1115,burst
CDR-2-0457,P05,P54,47,1102,burst
CDR-2-0458,P30,P43,47,422,burst
CDR-2-0459,P53,P26,47,977,burst
CDR-2-0460,P61,P23,47,753,burst
CDR-2-0461,P44,P56,47,532,burst
CDR-2-0462,P20,P21,47,725,burst
CDR-2-0463,P16,P35,47,1005,burst
CDR-2-0464,P16,P38,47,308,burst
CDR-2-0465,P37,P21,47,367,burst
CDR-2-0466,P54,P57,47,939,burst
CDR-2-0467,P20,P24,47,316,burst
CDR-2-0468,P51,P31,47,234,burst
CDR-2-0469,P10,P58,51,861,burst
CDR-2-0470,P47,P42,51,597,burst
CDR-2-0471,P21,P13,51,1027,burst
CDR-2-0472,P07,P61,51,829,burst
CDR-2-0473,P38,P21,51,659,burst
CDR-2-0474,P16,P26,51,590,burst
CDR-2-0475,P05,P61,51,874,burst
CDR-2-0476,P31,P11,51,360,burst
CDR-2-0477,P11,P62,51,960,burst
CDR-2-0478,P38,P54,51,222,burst
CDR-2-0479,P31,P36,51,1157,burst
CDR-2-0480,P61,P46,51,672,burst
CDR-2-0481,P07,P61,51,336,burst
CDR-2-0482,P36,P06,51,533,burst
CDR-2-0483,P39,P44,51,644,burst
CDR-2-0484,P43,P62,51,319,burst
CDR-2-0485,P17,P62,51,1142,burst
CDR-2-0486,P14,P60,51,541,burst
CDR-2-0487,P13,P02,51,614,burst
CDR-2-0488,P56,P61,51,826,burst
CDR-2-0489,P28,P62,51,377,burst
CDR-2-0490,P24,P43,51,614,burst
CDR-2-0491,P35,P53,51,525,burst
CDR-2-0492,P49,P03,51,977,burst
CDR-2-0493,P56,P37,29,168,noise
CDR-2-0494,P48,P32,30,91,noise
CDR-2-0495,P10,P12,52,145,noise
CDR-2-0496,P39,P50,42,176,noise
CDR-2-0497,P12,P55,13,74,noise
CDR-2-0498,P59,P51,40,20,noise
CDR-2-0499,P02,P34,19,154,noise
CDR-2-0500,P52,P41,49,50,noise
CDR-2-0501,P11,P04,65,26,noise
CDR-2-0502,P48,P10,4,95,noise
CDR-2-0503,P26,P05,17,34,noise
CDR-2-0504,P45,P49,42,81,noise
CDR-2-0505,P60,P11,38,117,noise
CDR-2-0506,P49,P47,48,76,noise
CDR-2-0507,P09,P47,18,99,noise
CDR-2-0508,P32,P15,18,78,noise
CDR-2-0509,P03,P27,37,93,noise
CDR-2-0510,P17,P33,44,89,noise
CDR-2-0511,P41,P21,66,150,noise
CDR-2-0512,P30,P58,28,86,noise
CDR-2-0513,P36,P41,5,85,noise
CDR-2-0514,P50,P20,30,154,noise
CDR-2-0515,P40,P24,58,70,noise
CDR-2-0516,P28,P55,11,33,noise
CDR-2-0517,P11,P45,65,39,noise
CDR-2-0518,P56,P52,52,5,noise
CDR-2-0519,P35,P38,45,63,noise
CDR-2-0520,P27,P18,50,18,noise
CDR-2-0521,P10,P07,21,144,noise
CDR-2-0522,P54,P43,18,39,noise
CDR-2-0523,P31,P17,45,156,noise
CDR-2-0524,P52,P09,12,89,noise
CDR-2-0525,P05,P48,45,90,noise
CDR-2-0526,P53,P33,67,68,noise
CDR-2-0527,P42,P28,13,174,noise
CDR-2-0528,P46,P22,18,142,noise
CDR-2-0529,P21,P52,68,96,noise
CDR-2-0530,P32,P11,32,21,noise
CDR-2-0531,P22,P45,37,148,noise
CDR-2-0532,P51,P46,65,143,noise
CDR-2-0533,P15,P44,55,100,noise
CDR-2-0534,P60,P18,69,116,noise
CDR-2-0535,P48,P11,21,13,noise
CDR-2-0536,P49,P13,22,162,noise
CDR-2-0537,P40,P36,10,91,noise
