person_id,name,phone,account,location
P01,Ishaan Nair,+91-9180000001,AC10001,LOC-2
P02,Manav Kapoor,+91-9180000002,AC10002,LOC-3
P03,Vikram Verma,+91-9180000003,AC10003,LOC-4
P04,Diya Nair,+91-9180000004,AC10004,LOC-5
P05,Meera Kapoor,+91-9180000005,AC10005,LOC-6
P06,Riya Verma,+91-9180000006,AC10006,LOC-7
P07,Zoya Nair,+91-9180000007,AC10007,LOC-8
P08,Arjun Kapoor,+91-9180000008,AC10008,LOC-9
P09,Kabir Verma,+91-9180000009,AC10009,LOC-10
P10,Nikhil Nair,+91-9180000010,AC10010,LOC-1
P11,Yash Kapoor,+91-9180000011,AC10011,LOC-2
P12,Isha Verma,+91-9180000012,AC10012,LOC-3
P13,Neha Nair,+91-9180000013,AC10013,LOC-4
P14,Sana Kapoor,+91-9180000014,AC10014,LOC-5
P15,Aarav Verma,+91-9180000015,AC10015,LOC-6
P16,Dev Nair,+91-9180000016,AC10016,LOC-7
P17,Karan Kapoor,+91-9180000017,AC10017,LOC-8
P18,Rohan Verma,+91-9180000018,AC10018,LOC-9
P19,Ananya Nair,+91-9180000019,AC10019,LOC-10
P20,Kavya Kapoor,+91-9180000020,AC10020,LOC-1
P21,Pooja Verma,+91-9180000021,AC10021,LOC-2
P22,Tanya Nair,+91-9180000022,AC10022,LOC-3
P23,Aditya Kapoor,+91-9180000023,AC10023,LOC-4
P24,Ishaan Verma,+91-9180000024,AC10024,LOC-5
P25,Manav Nair,+91-9180000025,AC10025,LOC-6
P26,Vikram Kapoor,+91-9180000026,AC10026,LOC-7
P27,Diya Verma,+91-9180000027,AC10027,LOC-8
P28,Meera Nair,+91-9180000028,AC10028,LOC-9
P29,Riya Kapoor,+91-9180000029,AC10029,LOC-10
P30,Zoya Verma,+91-9180000030,AC10030,LOC-1
P31,Arjun Nair,+91-9180000031,AC10031,LOC-2
P32,Kabir Kapoor,+91-9180000032,AC10032,LOC-3
P33,Nikhil Verma,+91-9180000033,AC10033,LOC-4
P34,Yash Nair,+91-9180000034,AC10034,LOC-5
P35,Isha Kapoor,+91-9180000035,AC10035,LOC-6
P36,Neha Verma,+91-9180000036,AC10036,LOC-7
P37,Sana Nair,+91-9180000037,AC10037,LOC-8
P38,Aarav Kapoor,+91-9180000038,AC10038,LOC-9
P39,Dev Verma,+91-9180000039,AC10039,LOC-10
P40,Karan Nair,+91-9180000040,AC10040,LOC-1
P41,Rohan Kapoor,+91-9180000041,AC10041,LOC-2
P42,Ananya Verma,+91-9180000042,AC10042,LOC-3
P43,Kavya Nair,+91-9180000043,AC10043,LOC-4
P44,Pooja Kapoor,+91-9180000044,AC10044,LOC-5
P45,Tanya Verma,+91-9180000045,AC10045,LOC-6
P46,Aditya Nair,+91-9180000046,AC10046,LOC-7
P47,Ishaan Kapoor,+91-9180000047,AC10047,LOC-8
P48,Manav Verma,+91-9180000048,AC10048,LOC-9
